Name,TempAvg,TempMax,TempMin,SeaPressure,Humidity,Precipitation,Visibility,WindSpeed,MaxWindSpeed,RainyDays,SN,ThunderstormDays,FoggyDays,Year,Month
Labuan,27.8,31.3,25.5,1011.4,81.7,8.13,20.6,13.9,21.0,1.0,0.0,0.0,0.0,1998,1
Labuan,28.0,32.2,25.1,1012.2,80.6,2.03,13.9,11.7,19.3,2.0,0.0,1.0,0.0,1998,2
Labuan,29.6,34.0,26.3,1010.6,74.9,0.0,5.1,11.4,20.0,0.0,0.0,0.0,0.0,1998,3
Labuan,29.5,34.4,26.4,1010.1,78.0,39.11,7.0,8.7,17.3,3.0,0.0,5.0,0.0,1998,4
Labuan,30.0,33.9,26.4,1009.1,76.7,174.75,21.7,8.2,14.8,9.0,0.0,10.0,0.0,1998,5
Labuan,28.7,32.2,25.3,1009.8,79.9,186.45,20.9,8.0,15.5,16.0,0.0,13.0,0.0,1998,6
Labuan,27.8,31.5,24.4,1009.8,83.4,453.11,20.4,8.0,15.0,21.0,0.0,16.0,0.0,1998,7
Labuan,27.8,31.2,24.8,1010.1,83.7,398.78,21.1,9.7,18.3,22.0,0.0,21.0,0.0,1998,8
Labuan,28.1,31.6,24.8,1009.8,80.4,402.09,21.6,8.6,14.7,14.0,0.0,8.0,0.0,1998,9
Labuan,27.8,30.9,24.9,1009.5,82.1,286.51,21.3,9.9,16.5,17.0,0.0,5.0,0.0,1998,10
Labuan,27.5,30.7,24.7,1009.1,83.4,235.71,20.5,8.6,15.6,23.0,0.0,4.0,0.0,1998,11
Labuan,27.5,30.5,25.0,1009.3,83.4,215.41,21.5,8.5,15.6,14.0,0.0,4.0,0.0,1998,12
Labuan,27.4,30.7,24.7,1007.9,84.4,0.0,20.3,7.8,15.4,13.0,0.0,7.0,0.0,1999,1
Labuan,27.2,30.3,24.6,1010.3,83.6,0.0,20.8,9.5,16.8,11.0,0.0,4.0,0.0,1999,2
Labuan,27.7,31.0,24.9,1007.7,82.5,0.0,21.4,6.3,12.8,19.0,0.0,6.0,0.0,1999,3
Labuan,28.2,31.4,25.0,1009.1,81.0,0.0,21.2,5.7,11.8,14.0,0.0,6.0,0.0,1999,4
Labuan,27.7,31.1,24.7,1009.7,82.2,0.0,20.4,4.9,12.4,23.0,0.0,18.0,0.0,1999,5
Labuan,28.3,31.7,25.2,1009.8,77.7,0.0,20.9,5.0,9.9,15.0,0.0,6.0,0.0,1999,6
Labuan,28.0,31.4,24.8,1009.3,79.2,0.0,19.6,5.9,11.8,14.0,0.0,7.0,0.0,1999,7
Labuan,27.8,31.2,24.9,1010.4,79.5,0.0,17.8,4.9,10.9,19.0,0.0,12.0,0.0,1999,8
Labuan,28.1,31.6,24.6,1009.7,79.3,105.92,19.4,6.0,12.8,16.0,0.0,11.0,0.0,1999,9
Labuan,27.4,30.7,24.2,1009.7,83.4,461.78,19.3,9.3,14.5,24.0,0.0,20.0,0.0,1999,10
Labuan,27.6,30.5,24.8,1009.5,82.1,251.71,20.7,7.1,13.5,15.0,0.0,5.0,0.0,1999,11
Labuan,27.5,30.6,24.8,1008.5,83.3,365.51,21.1,9.5,16.9,22.0,0.0,13.0,0.0,1999,12
Labuan,27.4,30.3,24.9,1009.3,81.4,251.2,21.1,12.2,19.6,13.0,0.0,8.0,0.0,2000,1
Labuan,26.9,30.1,24.3,1009.0,85.4,279.64,21.2,7.8,15.6,20.0,0.0,7.0,0.0,2000,2
Labuan,27.6,30.8,24.7,1009.2,82.4,212.07,20.5,6.6,13.1,19.0,0.0,5.0,0.0,2000,3
Labuan,27.9,31.0,24.9,1009.2,83.0,342.15,24.3,5.6,12.3,18.0,0.0,11.0,0.0,2000,4
Labuan,28.8,32.1,26.1,1009.4,78.0,170.43,20.9,5.9,10.7,9.0,0.0,10.0,0.0,2000,5
Labuan,27.3,30.7,24.1,1009.8,82.7,599.2,20.1,6.6,13.2,24.0,0.0,9.0,0.0,2000,6
Labuan,28.6,31.9,25.7,1008.7,77.7,127.0,20.0,7.1,13.1,7.0,0.0,9.0,0.0,2000,7
Labuan,27.7,31.0,24.8,1009.3,81.4,325.13,17.7,7.5,14.0,12.0,0.0,11.0,0.0,2000,8
Labuan,28.2,31.8,25.1,1009.3,80.0,171.71,20.5,6.9,12.7,18.0,0.0,15.0,0.0,2000,9
Labuan,27.6,30.8,25.0,1008.4,81.9,437.64,20.4,8.2,13.4,18.0,0.0,8.0,0.0,2000,10
Labuan,27.8,31.1,25.0,1007.9,83.3,321.81,21.2,5.3,10.9,15.0,0.0,13.0,0.0,2000,11
Labuan,27.5,30.6,24.9,1008.3,83.9,452.11,20.3,8.5,14.5,21.0,0.0,3.0,0.0,2000,12
Labuan,27.3,30.6,24.4,1008.5,84.4,594.36,20.5,10.0,18.6,21.0,0.0,10.0,0.0,2001,1
Labuan,27.5,30.4,25.3,1008.0,83.5,28.18,20.4,12.2,22.2,9.0,0.0,0.0,0.0,2001,2
Labuan,27.7,31.3,25.0,1009.2,82.1,167.88,21.7,8.6,16.9,18.0,0.0,5.0,0.0,2001,3
Labuan,28.2,31.6,25.0,1008.8,83.3,547.61,21.8,6.3,13.3,18.0,0.0,17.0,0.0,2001,4
Labuan,29.0,32.3,26.2,1008.8,79.7,118.1,22.2,6.7,12.5,9.0,0.0,12.0,0.0,2001,5
Labuan,27.7,30.9,24.7,1008.7,82.7,278.36,21.2,7.4,13.7,19.0,0.0,11.0,0.0,2001,6
Labuan,28.7,32.1,25.6,1008.7,77.2,153.92,18.8,6.1,10.8,7.0,0.0,4.0,0.0,2001,7
Labuan,28.6,31.7,26.0,1008.7,79.2,128.52,16.8,9.3,14.7,7.0,0.0,2.0,0.0,2001,8
Labuan,28.0,31.5,25.0,1009.4,81.1,379.47,22.0,6.0,11.6,13.0,0.0,8.0,0.0,2001,9
Labuan,27.5,30.8,24.4,1009.4,83.7,610.36,20.3,7.8,15.2,22.0,0.0,9.0,0.0,2001,10
Labuan,27.2,30.3,24.5,1009.3,85.2,398.04,19.8,8.5,14.4,23.0,0.0,4.0,0.0,2001,11
Labuan,27.4,30.6,24.7,1010.4,82.5,317.24,20.8,10.9,19.8,16.0,0.0,6.0,0.0,2001,12
Labuan,27.2,30.3,24.9,1010.1,81.1,67.03,21.4,16.7,24.2,12.0,0.0,0.0,0.0,2002,1
Labuan,26.9,30.5,24.3,1011.5,80.6,61.46,20.6,15.6,24.8,5.0,0.0,2.0,0.0,2002,2
Labuan,27.7,31.3,25.1,1009.8,78.6,110.23,21.2,11.6,20.0,9.0,0.0,2.0,0.0,2002,3
Labuan,28.7,32.2,25.6,1008.5,77.3,167.9,21.6,10.2,17.9,16.0,0.0,14.0,0.0,2002,4
Labuan,28.9,32.3,26.1,1008.2,79.0,171.21,21.2,8.1,13.9,9.0,0.0,8.0,0.0,2002,5
Labuan,28.4,31.7,25.4,1009.0,77.1,342.65,21.0,7.8,14.1,14.0,0.0,8.0,0.0,2002,6
Labuan,28.7,31.8,26.0,1009.5,75.9,254.78,20.3,8.3,14.7,9.0,0.0,9.0,0.0,2002,7
Labuan,28.0,31.5,24.1,1009.4,74.5,294.4,11.5,10.3,19.1,20.0,0.0,9.0,0.0,2002,8
Labuan,27.9,31.3,24.4,1010.7,76.8,320.29,12.0,8.4,17.9,20.0,0.0,12.0,0.0,2002,9
Labuan,27.6,30.8,24.5,1009.9,79.8,534.13,13.3,8.3,16.6,23.0,0.0,15.0,1.0,2002,10
Labuan,27.8,31.2,24.7,1009.4,80.8,450.6,14.5,8.5,16.2,21.0,0.0,20.0,0.0,2002,11
Labuan,28.6,32.2,25.5,1010.2,76.3,368.55,15.1,10.7,21.2,10.0,0.0,10.0,0.0,2002,12
Labuan,27.9,31.0,25.2,1010.7,77.4,33.03,14.7,14.8,24.2,6.0,0.0,1.0,0.0,2003,1
Labuan,27.5,31.3,25.2,1010.0,78.4,2.28,13.7,14.7,24.9,2.0,0.0,0.0,0.0,2003,2
Labuan,27.8,31.7,24.8,1010.3,78.8,148.58,13.9,10.8,21.1,14.0,0.0,5.0,0.0,2003,3
Labuan,29.0,32.5,25.4,1009.0,76.7,152.4,14.5,9.0,16.9,13.0,0.0,14.0,0.0,2003,4
Labuan,28.5,31.9,25.4,1008.7,78.8,316.49,14.2,8.9,16.7,16.0,0.0,8.0,0.0,2003,5
Labuan,28.2,31.6,24.9,1009.4,78.0,355.11,14.2,7.9,17.1,23.0,1.0,17.0,0.0,2003,6
Labuan,27.9,31.2,24.9,1009.7,78.0,405.91,14.2,8.4,15.8,19.0,0.0,13.0,0.0,2003,7
Labuan,28.4,31.9,25.2,1009.5,76.0,195.33,14.4,8.5,18.2,16.0,0.0,15.0,0.0,2003,8
Labuan,28.0,31.4,24.8,1010.3,76.7,180.61,13.9,8.2,17.1,19.0,0.0,7.0,0.0,2003,9
Labuan,27.3,30.6,24.3,1010.2,81.2,687.06,13.8,8.7,17.5,24.0,0.0,12.0,0.0,2003,10
Labuan,27.9,31.0,24.8,1009.6,80.6,315.24,14.4,8.3,16.3,19.0,0.0,17.0,0.0,2003,11
Labuan,27.4,30.5,24.5,1009.8,80.1,446.53,14.3,11.7,21.6,19.0,0.0,6.0,0.0,2003,12
Labuan,27.3,30.3,25.1,1010.3,82.6,71.89,14.8,15.4,24.5,12.0,0.0,3.0,0.0,2004,1
Labuan,27.0,30.1,24.8,1010.7,80.3,45.21,14.8,13.8,22.7,9.0,0.0,2.0,0.0,2004,2
Labuan,27.7,31.1,25.0,1010.0,80.6,151.39,14.7,10.0,18.4,15.0,0.0,5.0,0.0,2004,3
Labuan,28.7,32.2,25.5,1009.5,78.3,114.56,14.6,7.9,17.1,13.0,0.0,14.0,0.0,2004,4
Labuan,28.2,31.5,24.7,1009.2,78.8,385.32,13.7,8.6,17.4,19.0,0.0,13.0,0.0,2004,5
Labuan,28.3,31.7,25.3,1010.1,76.3,192.28,14.3,9.4,18.3,10.0,0.0,2.0,0.0,2004,6
Labuan,27.5,30.8,24.4,1009.8,78.3,411.21,14.0,8.1,14.9,16.0,0.0,7.0,0.0,2004,7
Labuan,28.5,31.9,25.2,1009.7,74.8,87.89,11.5,9.3,18.1,8.0,0.0,5.0,0.0,2004,8
Labuan,27.5,31.3,24.0,1010.4,78.9,256.29,13.9,8.4,16.7,24.0,0.0,20.0,0.0,2004,9
Labuan,28.0,31.3,24.5,1010.6,77.9,190.24,13.9,10.5,20.2,21.0,0.0,16.0,0.0,2004,10
Labuan,28.0,31.2,24.8,1009.8,78.7,254.27,14.5,8.6,16.8,17.0,0.0,18.0,0.0,2004,11
Labuan,27.6,30.8,24.6,1009.7,80.1,246.4,14.2,10.7,19.9,22.0,0.0,11.0,0.0,2004,12
Labuan,27.0,30.0,24.5,1011.1,79.8,83.57,14.4,14.3,22.9,10.0,0.0,2.0,0.0,2005,1
Labuan,27.7,31.3,25.2,1011.3,80.7,48.52,13.4,12.2,21.1,6.0,0.0,7.0,0.0,2005,2
Labuan,28.0,31.7,25.2,1010.8,78.5,170.18,13.5,12.6,21.3,13.0,0.0,10.0,0.0,2005,3
Labuan,28.9,32.4,25.8,1010.4,76.7,126.24,13.8,8.1,15.8,10.0,0.0,9.0,0.0,2005,4
Labuan,28.5,32.0,25.2,1009.1,79.8,508.26,14.5,7.1,13.4,21.0,0.0,15.0,0.0,2005,5
Labuan,28.5,32.3,24.8,1008.6,77.4,244.35,14.5,7.6,15.5,17.0,0.0,13.0,0.0,2005,6
Labuan,28.1,31.6,24.5,1009.6,79.4,319.54,14.5,7.0,15.4,16.0,0.0,7.0,0.0,2005,7
Labuan,28.4,32.0,24.9,1009.4,79.6,375.4,12.9,6.7,15.7,17.0,0.0,14.0,0.0,2005,8
Labuan,28.4,31.9,24.7,1009.7,78.1,249.19,14.3,7.1,16.6,17.0,0.0,7.0,0.0,2005,9
Labuan,28.1,31.6,24.6,1009.6,81.1,518.66,14.3,6.6,15.8,24.0,0.0,15.0,0.0,2005,10
Labuan,27.1,29.8,24.9,1010.2,84.5,47.75,13.8,7.6,14.4,5.0,0.0,1.0,0.0,2005,11
Labuan,27.2,30.2,24.1,1008.9,82.8,494.28,14.2,6.8,15.2,24.0,0.0,6.0,0.0,2005,12
Labuan,27.6,30.8,24.8,1009.2,81.9,300.22,14.9,8.4,15.9,20.0,0.0,12.0,0.0,2006,1
Labuan,27.7,31.4,25.2,1009.6,82.8,105.66,14.4,10.9,21.3,15.0,0.0,6.0,0.0,2006,2
Labuan,27.7,31.4,24.8,1009.3,82.4,173.75,14.5,8.7,15.9,16.0,0.0,9.0,0.0,2006,3
Labuan,28.3,32.1,25.2,1008.9,80.3,117.6,14.6,7.8,14.9,18.0,0.0,16.0,0.0,2006,4
Labuan,28.6,31.8,25.5,1009.6,79.4,279.91,14.4,8.1,15.2,17.0,0.0,12.0,0.0,2006,5
Labuan,27.8,31.2,24.7,1009.4,81.5,540.51,13.7,7.3,14.3,23.0,0.0,14.0,0.0,2006,6
Labuan,28.7,32.2,25.4,1009.6,77.6,171.69,14.1,7.0,13.7,13.0,0.0,7.0,0.0,2006,7
Labuan,28.2,31.9,24.3,1009.2,78.4,480.58,11.1,7.7,16.8,21.0,0.0,13.0,0.0,2006,8
Labuan,27.7,30.9,24.4,1010.0,81.5,471.19,11.6,7.3,14.4,20.0,0.0,14.0,0.0,2006,9
Labuan,27.6,30.9,24.5,1010.9,82.0,246.39,8.2,7.0,14.8,21.0,0.0,14.0,0.0,2006,10
Labuan,28.6,32.4,25.1,1009.3,78.7,266.95,13.5,8.0,14.7,20.0,0.0,20.0,0.0,2006,11
Labuan,28.2,31.8,25.1,1009.0,82.6,316.74,14.2,8.2,16.1,20.0,0.0,17.0,0.0,2006,12
Labuan,27.4,30.6,24.7,1010.5,83.6,306.6,13.8,10.4,19.3,23.0,0.0,8.0,0.0,2007,1
Labuan,27.5,30.9,24.7,1010.4,83.0,185.66,14.1,10.6,19.1,15.0,0.0,10.0,0.0,2007,2
Labuan,28.1,32.0,25.3,1009.7,80.0,15.74,14.1,9.6,17.8,10.0,0.0,4.0,0.0,2007,3
Labuan,28.7,32.6,25.6,1009.5,80.1,139.45,14.4,8.4,15.8,18.0,0.0,13.0,0.0,2007,4
Labuan,28.8,32.5,25.3,1009.4,79.7,296.44,14.6,7.2,15.0,21.0,0.0,20.0,0.0,2007,5
Labuan,28.2,31.9,24.6,1007.8,81.7,613.67,14.1,7.6,15.4,26.0,0.0,18.0,0.0,2007,6
Labuan,28.1,32.1,24.7,1009.1,78.1,212.6,14.3,7.9,15.3,19.0,0.0,13.0,0.0,2007,7
Labuan,28.2,31.8,24.9,1009.0,78.5,229.36,14.0,7.4,14.5,16.0,0.0,8.0,0.0,2007,8
Labuan,27.8,30.9,24.6,1008.9,80.5,376.17,14.2,8.5,16.5,21.0,0.0,10.0,0.0,2007,9
Labuan,27.9,31.3,24.4,1009.1,80.9,354.07,13.6,7.8,15.9,23.0,0.0,11.0,0.0,2007,10
Labuan,26.9,30.1,24.0,1009.0,82.8,378.98,12.7,9.9,17.1,23.0,0.0,7.0,0.0,2007,11
Labuan,27.7,31.3,25.1,1007.8,82.1,140.71,14.3,9.8,18.8,22.0,0.0,11.0,0.0,2007,12
Labuan,27.5,30.9,24.7,1009.3,81.6,156.98,14.5,8.8,17.1,16.0,0.0,9.0,0.0,2008,1
Labuan,26.3,29.1,23.9,1009.7,85.2,221.23,13.5,9.9,17.2,19.0,0.0,2.0,0.0,2008,2
Labuan,27.0,30.6,24.2,1009.2,84.9,257.29,14.0,7.3,15.3,22.0,0.0,17.0,0.0,2008,3
Labuan,27.7,31.2,24.5,1008.6,83.1,270.24,14.5,6.1,13.1,21.0,0.0,15.0,0.0,2008,4
Labuan,27.7,31.3,24.6,1009.2,81.9,154.95,14.0,6.8,15.2,13.0,0.0,8.0,0.0,2008,5
Labuan,27.7,31.4,24.3,1009.6,82.1,364.48,14.3,6.2,13.6,23.0,0.0,12.0,0.0,2008,6
Labuan,27.1,30.7,24.0,1009.4,83.5,369.3,14.1,6.0,14.1,23.0,0.0,11.0,0.0,2008,7
Labuan,27.6,31.4,24.2,1009.3,82.1,280.93,14.4,4.9,12.8,17.0,0.0,14.0,0.0,2008,8
Labuan,27.6,31.2,24.4,1009.6,80.4,325.37,14.4,6.9,15.1,15.0,0.0,6.0,0.0,2008,9
Labuan,27.2,30.5,24.2,1009.8,84.9,691.9,13.6,6.2,14.1,20.0,0.0,15.0,0.0,2008,10
Labuan,27.5,31.2,24.5,1008.8,84.8,382.51,14.1,6.3,14.0,22.0,0.0,11.0,0.0,2008,11
Labuan,27.7,31.0,24.8,1008.5,83.8,294.38,14.3,7.7,15.9,21.0,0.0,8.0,0.0,2008,12
Labuan,26.7,29.5,24.1,1009.7,87.4,765.32,13.5,10.1,18.6,26.0,0.0,15.0,0.0,2009,1
Labuan,26.9,30.0,24.1,1009.1,87.1,157.49,14.3,7.6,15.7,17.0,0.0,9.0,0.0,2009,2
Labuan,27.5,31.1,24.4,1009.8,84.7,207.78,14.3,6.7,15.0,21.0,0.0,16.0,0.0,2009,3
Labuan,28.4,32.1,25.4,1009.1,83.5,55.64,14.6,6.6,14.2,13.0,0.0,16.0,0.0,2009,4
Labuan,28.5,32.1,25.2,1008.6,83.4,195.83,14.6,5.7,13.7,11.0,0.0,10.0,0.0,2009,5
Labuan,28.5,32.1,25.1,1009.5,82.5,151.89,14.5,6.3,13.3,15.0,0.0,10.0,0.0,2009,6
Labuan,27.8,31.1,24.8,1009.5,85.0,131.83,13.6,6.4,14.7,18.0,0.0,13.0,0.0,2009,7
Labuan,28.4,32.0,25.1,1009.0,81.0,215.15,11.1,7.6,15.2,17.0,0.0,13.0,0.0,2009,8
Labuan,28.2,31.3,25.3,1009.2,83.3,164.08,11.6,7.9,15.9,10.0,0.0,12.0,0.0,2009,9
Labuan,27.3,30.8,24.1,1010.3,87.1,449.31,14.2,6.5,14.4,19.0,0.0,13.0,0.0,2009,10
Labuan,27.7,31.1,24.8,1008.9,86.9,276.63,14.3,7.0,14.7,20.0,0.0,18.0,0.0,2009,11
Labuan,27.8,30.7,24.9,1010.1,84.6,168.15,14.6,9.1,17.9,16.0,0.0,4.0,0.0,2009,12
Labuan,27.2,29.8,24.6,1011.0,87.0,258.08,14.3,9.3,16.8,19.0,0.0,1.0,0.0,2010,1
Labuan,28.0,31.9,25.2,1010.8,82.1,2.03,14.7,11.3,19.6,3.0,0.0,2.0,0.0,2010,2
Labuan,28.3,32.2,25.2,1010.4,82.5,46.73,12.6,9.2,17.7,8.0,0.0,3.0,0.0,2010,3
Labuan,28.5,31.9,25.4,1010.1,85.1,264.66,14.4,6.4,14.1,18.0,0.0,18.0,0.0,2010,4
Labuan,28.6,32.2,25.5,1008.3,86.2,278.63,14.3,5.2,12.8,22.0,0.0,23.0,0.0,2010,5
Labuan,27.8,31.2,24.9,1009.7,86.6,452.88,14.1,6.0,15.0,23.0,0.0,20.0,0.0,2010,6
Labuan,27.4,31.1,24.3,1009.6,86.2,392.69,14.0,6.2,13.5,22.0,0.0,13.0,0.0,2010,7
Labuan,27.9,31.4,24.5,1009.5,82.8,646.18,14.1,6.2,14.0,21.0,0.0,13.0,0.0,2010,8
Labuan,27.5,31.1,24.2,1009.4,84.8,988.58,13.9,6.1,13.7,24.0,0.0,18.0,0.0,2010,9
Labuan,27.8,31.2,24.6,1008.7,82.1,236.47,14.2,7.4,15.8,18.0,0.0,9.0,0.0,2010,10
Labuan,27.4,30.9,24.0,1008.8,84.6,650.75,14.2,5.7,13.1,23.0,0.0,13.0,0.0,2010,11
Labuan,26.6,30.4,23.7,1007.3,87.0,415.3,14.3,6.1,13.6,26.0,0.0,14.0,0.0,2010,12
Labuan,26.5,30.0,24.1,1008.3,86.4,376.94,14.5,7.7,15.5,21.0,0.0,12.0,0.0,2011,1
Labuan,26.5,29.6,23.5,1009.1,87.5,232.91,14.3,8.4,16.2,16.0,0.0,9.0,0.0,2011,2
Labuan,26.5,30.2,24.0,1009.1,86.2,382.8,14.8,6.9,14.3,29.0,0.0,6.0,0.0,2011,3
Labuan,27.7,31.3,24.8,1009.2,84.3,217.94,15.3,7.1,14.1,20.0,0.0,13.0,0.0,2011,4
Labuan,27.9,31.4,24.8,1009.3,84.4,277.38,14.8,5.4,12.5,17.0,0.0,12.0,0.0,2011,5
Labuan,28.0,31.4,25.0,1008.9,83.8,278.12,14.3,5.6,13.3,15.0,0.0,15.0,0.0,2011,6
Labuan,27.6,30.9,24.5,1009.0,84.7,167.14,14.1,4.0,11.5,15.0,0.0,9.0,0.0,2011,7
Labuan,27.4,30.9,24.2,1009.3,85.3,239.78,14.1,5.4,12.3,16.0,0.0,12.0,0.0,2011,8
Labuan,27.8,31.3,24.3,1009.8,80.2,359.91,13.9,5.9,12.7,19.0,0.0,12.0,0.0,2011,9
Labuan,27.9,31.5,24.7,1009.1,80.6,212.6,14.2,7.4,15.4,16.0,0.0,22.0,0.0,2011,10
Labuan,27.6,31.1,24.4,1008.4,82.6,314.2,14.4,6.8,14.7,25.0,0.0,23.0,0.0,2011,11
Labuan,27.6,30.9,24.5,1008.1,84.7,319.81,14.5,6.7,13.8,24.0,0.0,6.0,0.0,2011,12
Labuan,27.8,31.2,24.6,1008.5,83.2,272.54,14.8,9.0,16.9,15.0,0.0,4.0,0.0,2012,1
Labuan,27.5,31.2,24.2,1008.4,84.6,123.68,14.5,7.6,15.2,16.0,0.0,12.0,0.0,2012,2
Labuan,27.8,31.2,25.0,1008.5,84.3,157.23,14.3,8.0,15.3,16.0,0.0,10.0,0.0,2012,3
Labuan,27.6,31.2,24.3,1009.6,87.2,391.39,14.1,5.8,12.9,22.0,0.0,19.0,0.0,2012,4
Labuan,28.4,32.0,24.5,1008.5,83.9,165.62,14.7,5.6,12.0,15.0,0.0,19.0,0.0,2012,5
Labuan,28.1,31.9,24.9,1008.8,84.3,137.41,14.1,6.1,13.0,8.0,0.0,3.0,0.0,2012,6
Labuan,27.6,31.2,23.9,1008.7,84.5,370.08,14.1,6.1,13.2,20.0,0.0,8.0,0.0,2012,7
Labuan,28.4,32.3,24.9,1009.5,82.1,310.65,13.7,5.9,12.5,15.0,0.0,14.0,0.0,2012,8
Labuan,27.8,31.7,24.2,1009.8,84.3,396.74,13.2,5.5,12.5,21.0,0.0,17.0,0.0,2012,9
Labuan,28.0,31.8,24.7,1009.3,84.1,151.88,13.2,5.7,13.4,22.0,0.0,20.0,0.0,2012,10
Labuan,27.8,31.9,24.3,1009.1,86.6,660.91,14.0,4.2,11.1,24.0,0.0,20.0,0.0,2012,11
Labuan,28.2,31.9,25.1,1008.3,84.6,207.02,14.5,6.3,13.4,17.0,0.0,11.0,0.0,2012,12
Labuan,27.5,30.3,25.1,1010.1,87.2,157.97,14.5,7.3,14.3,18.0,0.0,1.0,0.0,2013,1
Labuan,27.9,31.3,25.2,1009.1,82.3,28.2,15.0,9.4,17.9,7.0,0.0,5.0,0.0,2013,2
Labuan,28.2,31.7,25.0,1010.0,82.6,203.7,14.8,6.2,13.4,17.0,0.0,13.0,0.0,2013,3
Labuan,28.1,31.8,25.0,1008.7,83.3,227.07,14.3,4.0,10.6,20.0,0.0,19.0,0.0,2013,4
Labuan,28.1,31.9,24.5,1008.7,84.1,369.58,14.4,3.5,9.8,19.0,0.0,19.0,0.0,2013,5
Labuan,28.4,32.2,25.0,1007.8,82.3,167.67,12.6,3.6,9.5,14.0,0.0,12.0,0.0,2013,6
Labuan,27.3,31.0,23.8,1008.6,83.9,281.69,14.1,4.2,11.7,21.0,0.0,16.0,0.0,2013,7
Labuan,27.5,30.8,24.8,1009.4,84.6,1.01,9.9,4.3,11.2,16.0,0.0,12.0,0.0,2013,8
Labuan,27.4,30.9,24.9,1009.8,85.6,32.77,9.8,4.5,12.1,18.0,0.0,12.0,0.0,2013,9
Labuan,27.1,30.1,24.4,1009.55,84.2,0.0,9.6,4.7,11.6,26.0,0.0,12.0,0.0,2013,10
Labuan,27.6,30.9,24.8,1009.2,85.0,1.27,9.6,4.7,11.6,24.0,0.0,20.0,0.0,2013,11
Labuan,27.7,30.8,25.3,1009.0,85.0,0.0,9.6,4.7,11.7,22.0,0.0,19.0,0.0,2013,12
Labuan,26.2,28.6,24.1,1009.55,86.1,56.89,9.1,6.3,13.7,25.0,0.0,7.0,0.0,2014,1
Labuan,26.8,29.6,24.9,1009.7,84.5,23.11,9.9,6.6,13.8,12.0,0.0,3.0,0.0,2014,2
Labuan,27.5,30.9,25.4,1010.0,82.1,0.0,9.9,7.7,15.2,9.0,0.0,10.0,0.0,2014,3
Labuan,28.4,31.4,25.7,1009.2,81.4,0.0,9.9,4.3,11.3,15.0,0.0,11.0,0.0,2014,4
Labuan,28.5,31.7,25.7,1009.1,82.1,61.72,9.7,4.3,10.8,23.0,0.0,21.0,0.0,2014,5
Labuan,28.6,31.8,26.1,1009.45,80.7,0.0,9.8,3.6,10.0,12.0,0.0,11.0,0.0,2014,6
Labuan,28.4,31.5,25.7,1009.5,80.1,7.11,9.7,3.9,11.1,13.0,0.0,9.0,0.0,2014,7
Labuan,27.6,30.8,25.1,1010.6,81.8,33.27,10.0,3.8,10.3,21.0,0.0,18.0,0.0,2014,8
Labuan,28.3,31.4,25.7,1009.8,79.8,0.0,9.8,4.3,10.3,13.0,0.0,13.0,0.0,2014,9
Labuan,27.7,30.8,25.4,1009.55,81.9,0.0,9.5,4.4,11.5,18.0,0.0,19.0,0.0,2014,10
Labuan,28.0,31.0,25.4,1009.2,82.1,0.0,9.6,4.3,11.3,22.0,0.0,22.0,0.0,2014,11
Labuan,27.6,30.4,25.2,1009.5,82.4,0.0,9.5,4.8,11.5,16.0,0.0,10.0,0.0,2014,12
Labuan,27.1,29.7,24.9,1009.55,82.0,17.02,9.4,7.5,15.5,27.0,0.0,14.0,0.0,2015,1
Labuan,27.4,29.9,25.3,1009.7,79.0,0.0,10.0,9.6,17.3,7.0,0.0,2.0,0.0,2015,2
Labuan,27.7,31.4,25.0,1012.8,78.0,0.0,10.5,8.1,16.2,4.0,0.0,1.0,0.0,2015,3
Labuan,28.7,32.4,25.6,1009.7,78.8,98.04,10.9,5.7,13.0,11.0,0.0,16.0,0.0,2015,4
Labuan,28.6,32.1,25.3,1010.2,79.2,244.09,13.3,4.1,10.8,19.0,0.0,19.0,0.0,2015,5
Labuan,28.4,31.8,25.1,1009.5,82.1,358.88,13.2,3.7,10.7,19.0,0.0,17.0,0.0,2015,6
Labuan,28.5,31.9,25.1,1009.6,79.7,164.59,11.8,4.9,12.2,21.0,0.0,13.0,0.0,2015,7
Labuan,27.9,31.3,24.9,1010.1,81.8,302.24,11.5,4.8,12.4,17.0,0.0,16.0,0.0,2015,8
Labuan,28.4,31.9,25.0,1010.3,80.5,119.88,6.8,3.9,9.3,16.0,0.0,20.0,0.0,2015,9
Labuan,28.6,32.1,25.3,1011.0,77.8,202.18,8.7,5.6,12.2,19.0,0.0,20.0,0.0,2015,10
Labuan,27.9,31.6,24.7,1009.4,85.2,368.31,12.9,4.8,12.0,24.0,0.0,25.0,0.0,2015,11
Labuan,28.3,31.3,25.2,1010.4,83.0,407.42,13.5,7.3,14.9,12.0,0.0,12.0,0.0,2015,12
Labuan,28.1,31.4,25.5,1011.2,84.5,131.57,13.6,8.4,15.8,8.0,0.0,4.0,0.0,2016,1
Labuan,27.7,31.1,25.6,1011.2,84.1,35.81,13.2,13.5,20.7,5.0,0.0,3.0,0.0,2016,2
Labuan,28.3,32.1,25.7,1011.2,83.2,17.28,10.5,9.2,16.8,8.0,0.0,3.0,0.0,2016,3
Labuan,29.1,33.4,25.8,1009.6,82.5,142.24,11.1,5.2,12.9,13.0,0.0,17.0,0.0,2016,4
Labuan,29.3,33.0,26.1,1009.2,81.0,194.06,13.6,5.1,12.1,15.0,0.0,24.0,0.0,2016,5
Labuan,28.1,31.6,25.0,1010.5,80.6,313.19,13.0,4.4,10.9,20.0,0.0,10.0,0.0,2016,6
Labuan,28.1,31.6,25.2,1009.6,80.8,284.98,12.4,4.4,10.7,19.0,0.0,14.0,0.0,2016,7
Labuan,28.9,32.5,25.8,1009.1,77.5,32.01,11.6,5.0,12.2,14.0,0.0,9.0,0.0,2016,8
Labuan,28.0,31.7,24.8,1009.9,79.9,233.19,12.5,4.6,12.0,19.0,0.0,14.0,0.0,2016,9
Labuan,27.9,31.4,24.5,1009.4,80.8,350.77,13.1,5.0,12.1,19.0,0.0,13.0,0.0,2016,10
Labuan,27.9,31.0,24.6,1009.1,84.4,338.34,12.6,5.3,11.7,24.0,0.0,17.0,0.0,2016,11
Labuan,28.0,31.4,24.7,1008.7,83.1,243.07,13.3,4.7,11.0,20.0,0.0,12.0,0.0,2016,12
Labuan,27.9,31.1,25.1,1009.2,83.1,82.04,13.7,5.9,12.5,13.0,0.0,8.0,0.0,2017,1
Labuan,27.3,30.4,24.5,1010.3,82.7,194.32,13.7,7.1,15.5,16.0,0.0,10.0,0.0,2017,2
Labuan,27.4,30.8,24.5,1010.1,85.3,247.63,13.5,6.4,13.9,19.0,0.0,7.0,0.0,2017,3
Labuan,28.2,31.6,25.2,1010.0,84.6,126.24,13.1,4.6,11.7,19.0,0.0,14.0,0.0,2017,4
Labuan,28.4,31.8,25.7,1009.1,86.2,128.26,9.8,4.2,10.6,18.0,0.0,17.0,0.0,2017,5
Labuan,27.8,31.1,25.3,1009.45,84.7,2.28,9.7,3.8,10.4,24.0,0.0,14.0,0.0,2017,6
Labuan,28.0,31.2,25.3,1009.5,82.6,3.05,9.9,4.0,10.7,16.0,0.0,7.0,0.0,2017,7
Labuan,27.9,31.1,25.2,1009.4,81.2,0.25,9.6,4.6,11.3,20.0,0.0,14.0,0.0,2017,8
Labuan,27.8,30.8,25.1,1010.3,82.2,155.19,10.5,4.4,12.2,19.0,0.0,17.0,0.0,2017,9
Labuan,27.3,30.5,24.2,1009.1,84.3,539.24,11.7,6.2,13.5,25.0,0.0,19.0,0.0,2017,10
Labuan,27.7,30.9,25.2,1006.5,84.5,1.53,10.0,4.9,11.6,21.0,0.0,12.0,0.0,2017,11
Labuan,26.9,29.8,24.5,1009.0,87.4,0.0,9.2,5.5,13.1,23.0,0.0,11.0,0.0,2017,12
Labuan,26.8,29.7,24.5,1009.55,88.2,64.01,9.7,5.7,12.9,24.0,0.0,20.0,0.0,2018,1
Labuan,26.7,29.4,24.6,1009.7,86.4,24.9,9.8,8.3,15.8,18.0,0.0,9.0,0.0,2018,2
Labuan,27.3,30.2,25.0,1009.3,87.0,0.76,10.2,6.8,14.2,20.0,0.0,12.0,0.0,2018,3
Labuan,28.1,31.2,25.4,1009.2,84.5,22.1,10.0,5.8,13.1,12.0,0.0,13.0,0.0,2018,4
Labuan,28.0,31.3,25.4,1009.1,86.3,42.17,9.9,4.5,11.5,20.0,0.0,25.0,0.0,2018,5
Labuan,27.9,31.3,24.7,1009.6,85.8,222.75,11.2,4.1,11.2,16.0,0.0,12.0,0.0,2018,6
Labuan,28.0,31.5,25.2,1008.9,85.3,54.85,10.9,4.3,11.2,14.0,0.0,10.0,0.0,2018,7
Labuan,28.3,31.7,25.5,1009.4,83.8,0.0,9.7,4.8,12.3,12.0,0.0,12.0,0.0,2018,8
Labuan,27.3,30.6,24.6,1008.6,85.9,211.06,10.3,4.8,11.5,19.0,0.0,11.0,0.0,2018,9
Labuan,27.6,31.1,24.7,1011.4,85.4,56.14,10.7,4.6,11.1,19.0,0.0,17.0,0.0,2018,10
Labuan,28.0,31.5,25.4,1009.2,84.6,1.27,9.7,5.4,13.5,18.0,0.0,16.0,0.0,2018,11
Labuan,27.9,30.9,25.2,1009.0,84.3,0.0,9.8,5.9,13.4,18.0,0.0,15.0,0.0,2018,12
Labuan,27.5,30.1,25.2,1009.55,83.3,0.0,9.9,9.2,17.3,12.0,0.0,7.0,0.0,2019,1
Labuan,27.3,30.5,25.0,1008.9,84.0,0.0,10.6,8.6,16.0,2.0,0.0,1.0,0.0,2019,2
Labuan,27.9,31.8,24.7,1011.1,80.5,61.71,13.8,6.6,15.2,9.0,0.0,4.0,0.0,2019,3
Labuan,29.0,32.6,25.7,1009.6,80.6,144.53,14.5,5.4,12.4,16.0,0.0,17.0,0.0,2019,4
Labuan,29.2,33.2,25.7,1009.7,79.2,137.66,14.5,4.0,10.9,20.0,0.0,15.0,0.0,2019,5
Labuan,28.6,32.3,25.1,1009.4,82.2,355.08,13.6,4.1,10.0,23.0,0.0,16.0,0.0,2019,6
Labuan,28.1,32.0,24.7,1009.9,80.8,374.14,13.5,4.0,11.1,17.0,0.0,17.0,0.0,2019,7
Labuan,28.5,32.1,24.8,1009.4,77.9,226.58,12.4,4.6,11.0,14.0,0.0,12.0,0.0,2019,8
Labuan,28.8,32.6,25.2,1010.3,76.5,139.7,9.2,5.0,11.3,13.0,0.0,15.0,0.0,2019,9
Labuan,27.7,31.1,24.7,1010.8,80.9,331.99,10.4,4.2,11.3,27.0,0.0,27.0,0.0,2019,10
Labuan,27.7,30.6,24.9,1009.2,80.3,0.0,9.6,5.0,11.7,19.0,0.0,12.0,0.0,2019,11
Labuan,27.4,30.2,25.2,1009.0,82.5,147.07,9.6,5.1,11.6,23.0,0.0,16.0,0.0,2019,12
Labuan,28.0,30.7,26.2,1008.4,79.6,0.0,10.2,8.5,15.6,12.0,0.0,7.0,0.0,2020,1
Labuan,27.8,31.0,25.6,1009.7,79.8,0.0,10.1,10.3,17.6,2.0,0.0,2.0,0.0,2020,2
Labuan,28.1,31.6,25.5,1010.0,83.5,0.0,10.2,6.0,13.4,8.0,0.0,8.0,0.0,2020,3
Labuan,28.6,31.9,25.6,1009.2,85.1,2.03,9.9,4.9,12.7,15.0,0.0,21.0,0.0,2020,4
Labuan,28.8,32.2,26.0,1009.0,85.8,75.18,10.7,4.0,11.3,20.0,0.0,22.0,0.0,2020,5
Labuan,27.7,30.9,24.6,1009.2,87.1,400.55,11.2,3.8,10.6,23.0,0.0,17.0,0.0,2020,6
Labuan,27.6,31.2,24.8,1008.6,87.9,283.47,10.7,3.9,10.9,26.0,0.0,19.0,0.0,2020,7
Labuan,28.0,31.9,24.8,1009.5,83.5,163.56,10.8,4.0,10.9,19.0,0.0,15.0,0.0,2020,8
Labuan,27.5,31.0,24.6,1009.4,83.5,241.28,10.8,4.8,12.5,21.0,0.0,19.0,0.0,2020,9
Labuan,26.9,30.2,23.9,1008.9,84.4,312.67,10.4,4.9,12.2,24.0,0.0,6.0,0.0,2020,10
Labuan,27.7,31.1,24.7,1009.7,82.5,309.37,10.9,4.6,11.3,19.0,0.0,16.0,0.0,2020,11
Labuan,27.3,30.8,24.4,1009.0,84.4,262.37,10.5,4.2,10.2,25.0,0.0,16.0,0.0,2020,12
Labuan,26.7,29.5,24.1,1009.0,85.1,174.24,10.7,6.2,13.4,22.0,0.0,6.0,0.0,2021,1
Labuan,26.5,29.2,24.6,1009.4,84.7,38.86,10.9,6.8,12.9,12.0,0.0,5.0,0.0,2021,2
Labuan,27.4,30.8,24.7,1010.2,83.6,99.32,11.1,5.5,13.3,17.0,0.0,11.0,0.0,2021,3
Labuan,27.6,31.1,24.6,1010.4,85.0,22.86,10.9,3.8,10.4,14.0,0.0,18.0,0.0,2021,4
Labuan,28.0,31.7,25.1,1009.1,84.9,149.85,10.5,4.3,11.3,21.0,0.0,20.0,0.0,2021,5
Labuan,27.7,31.2,24.7,1010.0,84.1,158.23,10.9,3.6,10.1,15.0,0.0,15.0,0.0,2021,6
Labuan,27.6,31.3,24.4,1010.1,84.0,91.94,10.4,4.1,12.0,19.0,0.0,14.0,0.0,2021,7
Labuan,27.3,31.2,24.2,1009.8,83.4,45.98,10.2,4.2,12.3,23.0,0.0,22.0,0.0,2021,8
Labuan,26.9,30.3,24.0,1009.8,81.4,185.16,10.1,3.8,10.6,23.0,0.0,12.0,0.0,2021,9
Labuan,27.5,30.9,24.6,1009.0,81.9,136.66,10.5,4.4,11.3,17.0,0.0,12.0,0.0,2021,10
Labuan,27.3,30.9,24.5,1008.1,84.8,163.58,10.5,3.7,10.3,24.0,0.0,19.0,0.0,2021,11
Labuan,27.5,31.1,24.1,1010.0,84.9,267.47,13.3,4.8,12.5,21.0,0.0,16.0,0.0,2021,12
Labuan,27.2,30.3,24.5,1010.1,85.4,255.01,12.7,6.6,14.1,21.0,0.0,11.0,0.0,2022,1
Labuan,27.5,30.8,24.5,1009.3,83.4,108.95,13.7,7.4,15.4,14.0,0.0,6.0,0.0,2022,2
Labuan,27.2,30.9,24.1,1009.0,86.3,246.39,12.8,3.9,11.7,20.0,0.0,18.0,0.0,2022,3
Labuan,27.4,31.2,24.4,1009.0,85.2,317.0,12.9,4.2,11.4,19.0,0.0,14.0,0.0,2022,4
Labuan,28.4,32.1,25.0,1008.8,83.3,372.87,13.6,3.7,9.9,16.0,0.0,14.0,0.0,2022,5
Labuan,27.7,31.3,24.4,1009.0,84.5,330.98,13.3,3.6,9.7,23.0,0.0,20.0,0.0,2022,6
Labuan,27.6,31.6,24.3,1008.7,83.0,302.75,13.1,3.9,11.9,19.0,0.0,7.0,0.0,2022,7
Labuan,27.8,31.4,24.5,1008.8,84.1,269.77,13.0,4.1,10.8,22.0,0.0,21.0,0.0,2022,8
Labuan,27.1,30.6,24.0,1010.0,84.7,400.05,13.3,4.2,12.0,22.0,0.0,12.0,0.0,2022,9
Labuan,27.2,30.6,24.3,1009.2,85.6,663.2,12.8,5.0,12.2,24.0,0.0,19.0,0.0,2022,10
Labuan,27.4,31.0,24.4,1009.3,84.8,336.03,15.9,3.7,10.6,20.0,0.0,16.0,0.0,2022,11
Labuan,26.7,30.2,23.7,1008.8,85.1,456.97,17.1,4.3,11.1,21.0,0.0,11.0,0.0,2022,12
Labuan,26.7,30.0,23.9,1009.4,86.0,331.49,17.6,4.6,11.5,25.0,0.0,12.0,0.0,2023,1
Labuan,27.2,30.3,24.3,1009.7,83.6,129.28,18.5,6.9,14.5,15.0,0.0,10.0,0.0,2023,2
Labuan,26.7,29.8,23.9,1010.4,85.5,193.81,18.5,7.6,15.8,16.0,0.0,14.0,0.0,2023,3
Labuan,27.6,31.1,24.2,1009.0,81.2,194.06,17.8,3.6,10.8,11.0,0.0,20.0,0.0,2023,4
Labuan,27.9,31.7,24.6,1009.8,81.1,218.7,17.6,3.4,9.9,12.0,0.0,19.0,0.0,2023,5
Labuan,27.7,31.7,24.3,1009.6,80.5,117.36,16.0,2.9,8.7,19.0,0.0,16.0,0.0,2023,6
Labuan,27.1,30.6,24.2,1009.8,83.0,473.43,16.1,4.0,11.6,18.0,0.0,11.0,0.0,2023,7
Labuan,27.7,31.3,24.4,1010.3,79.9,178.3,17.6,3.4,9.8,14.0,0.0,14.0,0.0,2023,8
Labuan,27.5,31.2,24.0,1009.9,82.3,455.42,16.5,3.4,10.6,24.0,0.0,17.0,0.0,2023,9
Labuan,28.2,31.8,24.9,1011.0,82.9,304.29,18.1,3.3,9.7,17.0,0.0,21.0,0.0,2023,10
Labuan,28.2,31.9,24.9,1009.8,82.5,240.53,18.4,3.7,10.8,19.0,0.0,18.0,0.0,2023,11
Labuan,28.6,32.1,25.3,1009.9,81.0,160.28,19.2,5.5,12.8,17.0,0.0,15.0,0.0,2023,12
Kuala Lumpur,28.3,33.4,24.6,1011.3,76.5,224.27,13.1,7.1,16.2,11.0,0.0,12.0,1.0,1998,1
Kuala Lumpur,29.0,34.8,25.1,1011.9,73.9,135.13,13.1,6.4,15.3,9.0,0.0,11.0,0.0,1998,2
Kuala Lumpur,29.1,35.0,25.2,1010.6,74.5,184.15,11.3,6.7,15.7,9.0,0.0,14.0,0.0,1998,3
Kuala Lumpur,29.7,35.3,25.7,1009.8,75.4,184.17,10.3,6.5,15.6,10.0,0.0,15.0,0.0,1998,4
Kuala Lumpur,29.6,34.7,25.8,1008.9,76.3,378.97,13.4,6.7,13.7,16.0,0.0,14.0,0.0,1998,5
Kuala Lumpur,28.8,33.9,25.1,1009.3,76.7,123.69,14.1,7.1,13.9,11.0,0.0,11.0,0.0,1998,6
Kuala Lumpur,28.2,33.0,24.6,1009.4,77.3,201.17,14.4,7.0,14.7,16.0,0.0,11.0,0.0,1998,7
Kuala Lumpur,28.0,32.9,24.3,1009.6,77.4,183.13,9.5,6.4,17.1,16.0,0.0,15.0,0.0,1998,8
Kuala Lumpur,27.7,32.8,23.9,1010.2,78.3,204.2,9.7,6.3,17.0,18.0,0.0,15.0,0.0,1998,9
Kuala Lumpur,27.7,32.7,24.0,1010.1,79.8,289.58,9.7,5.9,17.1,21.0,0.0,19.0,0.0,1998,10
Kuala Lumpur,27.3,32.3,24.0,1009.8,82.7,369.32,9.3,5.4,16.0,24.0,0.0,22.0,0.0,1998,11
Kuala Lumpur,27.3,32.2,24.0,1009.9,81.9,293.38,9.4,5.2,14.9,21.0,0.0,17.0,0.0,1998,12
Kuala Lumpur,27.4,32.4,23.8,1010.8,78.1,242.07,9.6,5.0,15.0,17.0,0.0,14.0,0.0,1999,1
Kuala Lumpur,27.3,32.9,23.4,1011.0,77.9,0.0,12.1,7.2,19.7,18.0,0.0,16.0,0.0,1999,2
Kuala Lumpur,27.2,32.7,23.8,1007.7,82.7,0.0,12.0,6.7,18.5,23.0,0.0,19.0,0.0,1999,3
Kuala Lumpur,28.3,33.6,24.5,1008.9,78.1,0.0,12.4,7.4,17.7,15.0,0.0,10.0,0.0,1999,4
Kuala Lumpur,27.7,32.7,24.0,1009.6,80.5,0.0,11.1,6.2,15.5,18.0,0.0,22.0,0.0,1999,5
Kuala Lumpur,27.8,33.2,24.0,1010.0,76.8,0.0,10.5,6.8,17.7,14.0,0.0,17.0,0.0,1999,6
Kuala Lumpur,27.6,32.5,23.6,1009.1,76.7,0.0,11.7,6.8,17.9,20.0,1.0,16.0,0.0,1999,7
Kuala Lumpur,27.3,32.7,23.9,1010.4,79.3,0.0,10.3,7.0,18.3,22.0,0.0,21.0,0.0,1999,8
Kuala Lumpur,27.3,32.7,23.4,1010.0,79.2,62.49,10.6,7.1,20.1,20.0,0.0,24.0,2.0,1999,9
Kuala Lumpur,26.9,32.1,23.6,1010.1,83.0,413.77,11.0,7.2,18.8,25.0,0.0,19.0,0.0,1999,10
Kuala Lumpur,26.9,32.2,23.6,1010.6,83.9,368.31,10.8,6.9,19.4,24.0,0.0,25.0,2.0,1999,11
Kuala Lumpur,27.2,31.4,23.5,1009.8,79.7,244.59,14.0,7.0,13.9,15.0,0.0,7.0,0.0,1999,12
Kuala Lumpur,27.0,32.2,23.5,1009.9,77.3,252.48,13.9,5.9,13.1,14.0,0.0,10.0,1.0,2000,1
Kuala Lumpur,27.3,32.9,23.6,1009.5,77.2,108.97,13.7,6.0,14.4,14.0,0.0,13.0,0.0,2000,2
Kuala Lumpur,27.6,33.3,23.9,1009.3,78.4,177.02,13.5,6.0,14.0,15.0,0.0,16.0,0.0,2000,3
Kuala Lumpur,28.0,33.0,24.2,1008.9,79.5,368.8,11.8,7.4,16.7,21.0,0.0,22.0,0.0,2000,4
Kuala Lumpur,28.7,33.9,24.5,1009.3,76.2,176.56,11.0,6.5,18.0,15.0,0.0,16.0,0.0,2000,5
Kuala Lumpur,27.8,32.6,24.0,1009.3,78.8,110.48,11.8,6.7,18.4,21.0,0.0,18.0,0.0,2000,6
Kuala Lumpur,28.0,33.1,23.7,1008.8,74.4,105.4,11.5,7.3,19.1,14.0,0.0,12.0,0.0,2000,7
Kuala Lumpur,27.4,32.3,23.5,1009.8,78.9,228.87,11.7,5.9,16.9,21.0,0.0,20.0,0.0,2000,8
Kuala Lumpur,27.6,32.5,23.8,1010.1,81.0,252.2,10.8,6.3,17.8,20.0,0.0,23.0,0.0,2000,9
Kuala Lumpur,27.9,32.9,23.7,1009.5,79.8,240.53,11.9,6.8,18.5,22.0,0.0,13.0,1.0,2000,10
Kuala Lumpur,27.2,32.3,24.0,1008.8,84.7,378.23,10.7,6.2,17.3,26.0,0.0,23.0,0.0,2000,11
Kuala Lumpur,27.3,32.6,24.0,1009.6,83.9,350.79,11.4,6.5,16.9,24.0,0.0,23.0,0.0,2000,12
Kuala Lumpur,26.9,32.2,23.6,1009.5,83.0,298.94,11.4,6.3,17.2,25.0,0.0,22.0,0.0,2001,1
Kuala Lumpur,27.1,32.3,23.7,1009.7,82.3,132.57,11.2,6.2,16.0,23.0,0.0,21.0,0.0,2001,2
Kuala Lumpur,28.3,33.5,24.3,1009.2,77.9,273.55,11.8,7.1,18.3,20.0,0.0,18.0,0.0,2001,3
Kuala Lumpur,27.7,33.1,24.2,1008.9,84.7,537.21,11.2,6.6,16.1,25.0,0.0,27.0,0.0,2001,4
Kuala Lumpur,28.4,33.6,24.7,1008.6,81.8,113.79,12.8,8.0,18.8,19.0,0.0,22.0,0.0,2001,5
Kuala Lumpur,28.1,33.4,24.0,1008.9,79.3,172.71,12.5,7.1,18.4,17.0,0.0,17.0,0.0,2001,6
Kuala Lumpur,28.0,33.0,23.8,1008.9,78.0,181.1,12.2,7.7,18.0,17.0,0.0,19.0,0.0,2001,7
Kuala Lumpur,28.0,32.9,24.1,1009.2,80.0,140.46,11.5,7.5,16.4,16.0,0.0,20.0,0.0,2001,8
Kuala Lumpur,27.7,33.1,23.8,1009.6,81.3,256.01,11.0,7.9,17.9,21.0,0.0,23.0,0.0,2001,9
Kuala Lumpur,27.7,32.7,23.9,1009.5,81.0,279.14,11.9,8.3,18.7,26.0,0.0,19.0,0.0,2001,10
Kuala Lumpur,27.7,32.5,23.9,1009.9,80.7,217.67,11.8,6.8,15.6,23.0,0.0,19.0,0.0,2001,11
Kuala Lumpur,27.0,32.2,23.5,1009.9,77.3,252.48,13.9,5.9,13.1,14.0,0.0,10.0,1.0,2001,12
Kuala Lumpur,28.0,33.4,23.3,1010.3,73.1,132.08,11.6,9.1,20.2,11.0,0.0,8.0,2.0,2002,1
Kuala Lumpur,28.7,34.6,24.0,1011.4,68.5,189.24,11.0,8.0,20.3,12.0,0.0,6.0,0.0,2002,2
Kuala Lumpur,28.9,34.6,24.4,1009.3,74.0,178.29,10.6,7.1,18.0,12.0,0.0,20.0,0.0,2002,3
Kuala Lumpur,28.2,33.9,24.2,1008.5,81.0,579.92,11.1,6.4,19.4,22.0,0.0,26.0,0.0,2002,4
Kuala Lumpur,29.1,34.4,25.2,1008.4,78.8,81.29,11.6,7.3,17.4,11.0,0.0,15.0,0.0,2002,5
Kuala Lumpur,28.5,33.4,24.5,1008.2,79.7,114.55,11.3,7.0,18.4,9.0,0.0,17.0,0.0,2002,6
Kuala Lumpur,28.5,33.5,24.4,1008.5,79.5,92.2,10.7,8.1,19.0,18.0,0.0,20.0,0.0,2002,7
Kuala Lumpur,28.0,33.2,24.2,1009.6,80.6,234.2,10.2,7.4,18.3,19.0,0.0,17.0,1.0,2002,8
Kuala Lumpur,27.4,32.8,23.6,1010.2,83.4,327.15,10.4,6.7,18.4,24.0,0.0,22.0,0.0,2002,9
Kuala Lumpur,28.0,33.2,24.0,1010.1,81.1,313.18,9.6,6.4,16.8,23.0,0.0,26.0,0.0,2002,10
Kuala Lumpur,27.3,32.8,23.9,1011.2,86.0,422.13,10.5,6.2,17.5,25.0,0.0,24.0,0.0,2002,11
Kuala Lumpur,27.7,33.3,24.0,1009.9,83.4,305.54,10.8,6.4,19.2,26.0,0.0,27.0,3.0,2002,12
Kuala Lumpur,27.4,32.7,24.1,1010.8,81.8,245.61,10.8,6.6,17.0,26.0,0.0,21.0,0.0,2003,1
Kuala Lumpur,27.8,33.3,24.0,1010.5,80.0,236.99,10.8,7.5,19.4,18.0,0.0,19.0,2.0,2003,2
Kuala Lumpur,28.5,34.3,24.4,1011.0,79.6,302.77,10.8,7.6,20.6,19.0,0.0,26.0,0.0,2003,3
Kuala Lumpur,27.8,33.6,24.5,1009.45,86.4,327.18,10.3,5.8,17.7,29.0,0.0,30.0,2.0,2003,4
Kuala Lumpur,28.8,34.3,24.8,1009.4,81.5,112.78,10.7,6.1,15.7,18.0,0.0,13.0,0.0,2003,5
Kuala Lumpur,28.4,33.9,24.3,1009.2,80.5,166.89,10.6,7.8,17.8,18.0,0.0,20.0,0.0,2003,6
Kuala Lumpur,27.7,32.9,23.9,1009.8,83.4,175.52,11.0,7.2,18.9,20.0,0.0,21.0,0.0,2003,7
Kuala Lumpur,28.1,33.6,24.4,1009.6,81.2,182.89,10.6,6.9,17.6,16.0,0.0,17.0,0.0,2003,8
Kuala Lumpur,27.6,32.8,23.9,1010.2,83.3,138.19,10.9,6.5,17.5,22.0,0.0,25.0,0.0,2003,9
Kuala Lumpur,27.5,32.7,23.7,1010.1,83.1,289.58,11.0,7.0,18.9,27.0,0.0,17.0,1.0,2003,10
Kuala Lumpur,27.2,32.9,24.0,1009.7,86.7,549.9,10.7,6.2,19.2,30.0,0.0,27.0,3.0,2003,11
Kuala Lumpur,27.4,32.4,23.6,1010.5,80.6,279.16,10.8,7.0,18.4,25.0,0.0,18.0,0.0,2003,12
Kuala Lumpur,28.1,33.6,23.8,1010.8,73.4,255.27,11.1,8.3,19.6,15.0,0.0,14.0,0.0,2004,1
Kuala Lumpur,27.9,33.7,23.8,1010.5,73.9,337.82,11.0,7.2,19.0,17.0,0.0,22.0,0.0,2004,2
Kuala Lumpur,28.3,33.9,24.4,1009.8,75.2,193.04,10.7,6.6,18.6,17.0,0.0,17.0,0.0,2004,3
Kuala Lumpur,28.4,34.0,24.4,1009.45,79.1,323.85,10.7,6.0,19.0,21.0,0.0,26.0,0.0,2004,4
Kuala Lumpur,28.7,34.0,24.6,1009.2,77.6,100.83,10.7,5.9,16.5,13.0,0.0,18.0,0.0,2004,5
Kuala Lumpur,28.4,33.6,24.1,1009.4,78.2,36.84,10.3,6.6,19.2,14.0,0.0,18.0,0.0,2004,6
Kuala Lumpur,26.9,31.9,22.9,1009.4,80.5,387.85,11.0,6.2,16.8,21.0,0.0,23.0,0.0,2004,7
Kuala Lumpur,27.9,32.9,23.8,1009.6,76.4,77.47,10.4,7.7,18.2,17.0,0.0,19.0,0.0,2004,8
Kuala Lumpur,27.5,33.0,23.4,1010.5,76.1,199.13,10.2,6.9,19.3,22.0,0.0,23.0,0.0,2004,9
Kuala Lumpur,27.1,32.5,23.6,1011.4,78.5,253.0,10.6,5.7,17.1,24.0,0.0,24.0,0.0,2004,10
Kuala Lumpur,27.3,32.6,23.5,1010.9,80.5,456.19,10.8,5.9,16.7,24.0,0.0,23.0,0.0,2004,11
Kuala Lumpur,27.4,32.2,23.8,1011.8,77.9,164.58,10.7,5.6,14.9,25.0,0.0,17.0,0.0,2004,12
Kuala Lumpur,28.1,33.4,23.4,1010.8,69.4,46.23,10.7,7.3,20.7,10.0,0.0,9.0,0.0,2005,1
Kuala Lumpur,29.2,34.7,24.2,1011.2,66.3,226.84,9.7,5.9,19.1,11.0,0.0,10.0,0.0,2005,2
Kuala Lumpur,29.5,34.8,24.5,1010.8,66.1,230.12,10.2,7.4,20.8,18.0,0.0,16.0,0.0,2005,3
Kuala Lumpur,28.9,34.0,24.6,1009.45,72.7,226.32,10.8,5.8,16.7,15.0,0.0,19.0,0.0,2005,4
Kuala Lumpur,28.7,33.1,24.4,1009.7,73.8,140.72,10.9,5.7,15.3,26.0,0.0,19.0,0.0,2005,5
Kuala Lumpur,29.1,33.7,24.6,1009.2,71.6,98.57,10.9,6.1,15.3,17.0,0.0,15.0,0.0,2005,6
Kuala Lumpur,28.0,32.3,23.6,1010.4,74.7,188.74,10.9,5.6,15.5,17.0,0.0,15.0,0.0,2005,7
Kuala Lumpur,28.6,32.9,23.9,1010.2,70.8,117.09,9.1,6.3,16.0,15.0,0.0,11.0,0.0,2005,8
Kuala Lumpur,28.8,33.8,24.0,1011.2,71.1,206.74,10.7,6.4,20.1,21.0,0.0,16.0,0.0,2005,9
Kuala Lumpur,27.4,32.0,23.6,1010.4,78.6,314.71,11.0,5.8,15.0,29.0,0.0,22.0,0.0,2005,10
Kuala Lumpur,27.8,32.3,23.4,1010.6,77.0,26.93,11.1,5.4,13.3,5.0,0.0,3.0,0.0,2005,11
Kuala Lumpur,27.2,31.4,23.6,1009.9,79.1,278.11,11.0,5.4,16.3,25.0,0.0,17.0,0.0,2005,12
Kuala Lumpur,27.2,31.7,23.2,1011.6,76.5,352.29,10.9,5.5,16.7,19.0,0.0,12.0,0.0,2006,1
Kuala Lumpur,28.1,33.0,23.3,1009.3,72.0,328.92,11.0,6.9,19.2,19.0,0.0,19.0,0.0,2006,2
Kuala Lumpur,28.4,33.6,24.1,1009.6,71.9,254.25,10.9,5.9,18.0,22.0,0.0,22.0,0.0,2006,3
Kuala Lumpur,28.0,33.1,24.0,1009.45,76.6,232.66,11.0,4.9,15.6,23.0,0.0,24.0,0.0,2006,4
Kuala Lumpur,28.0,32.7,23.9,1009.2,76.6,201.43,10.9,5.5,16.6,22.0,0.0,21.0,0.0,2006,5
Kuala Lumpur,28.0,32.3,23.7,1009.4,76.0,156.2,11.1,5.6,15.2,22.0,0.0,21.0,0.0,2006,6
Kuala Lumpur,28.0,32.4,24.1,1009.9,76.0,140.21,10.2,6.3,18.3,17.0,0.0,12.0,0.0,2006,7
Kuala Lumpur,27.6,32.1,23.7,1009.8,77.5,198.14,9.5,5.2,16.7,17.0,0.0,12.0,0.0,2006,8
Kuala Lumpur,27.2,31.9,23.4,1010.6,78.2,669.04,9.7,5.0,16.3,18.0,0.0,18.0,0.0,2006,9
Kuala Lumpur,27.3,32.4,23.8,1011.2,78.4,383.78,6.9,4.6,16.2,21.0,0.0,21.0,0.0,2006,10
Kuala Lumpur,26.2,32.2,23.2,1009.9,84.1,522.76,9.3,4.3,15.1,29.0,0.0,29.0,11.0,2006,11
Kuala Lumpur,27.2,32.1,24.1,1010.0,80.2,293.38,10.5,4.1,13.1,19.0,0.0,20.0,0.0,2006,12
Kuala Lumpur,26.9,31.8,23.7,1011.2,79.0,376.42,10.6,4.9,14.0,18.0,0.0,13.0,1.0,2007,1
Kuala Lumpur,27.2,32.7,23.4,1010.6,78.6,197.09,10.4,4.6,14.6,19.0,0.0,14.0,0.0,2007,2
Kuala Lumpur,27.5,32.8,23.9,1009.8,80.3,268.7,10.2,5.7,16.4,21.0,0.0,19.0,0.0,2007,3
Kuala Lumpur,27.4,33.2,23.8,1009.6,81.2,631.43,10.0,5.1,15.9,24.0,0.0,24.0,0.0,2007,4
Kuala Lumpur,28.5,33.3,24.4,1009.3,76.5,68.56,10.3,6.4,16.5,18.0,0.0,13.0,0.0,2007,5
Kuala Lumpur,27.8,32.9,24.2,1007.9,77.8,186.67,10.2,5.4,15.9,17.0,0.0,17.0,0.0,2007,6
Kuala Lumpur,27.5,32.3,23.8,1009.4,76.3,154.44,9.9,5.7,15.0,18.0,0.0,17.0,0.0,2007,7
Kuala Lumpur,27.5,32.1,23.6,1009.5,74.8,87.88,10.1,6.1,16.6,14.0,0.0,11.0,0.0,2007,8
Kuala Lumpur,27.7,32.4,23.7,1009.5,74.0,117.85,10.4,6.8,17.0,15.0,0.0,10.0,0.0,2007,9
Kuala Lumpur,26.9,31.6,23.6,1009.6,80.4,332.74,10.3,5.9,16.7,20.0,0.0,15.0,0.0,2007,10
Kuala Lumpur,26.9,31.5,23.5,1009.6,79.1,230.61,10.1,6.0,17.1,21.0,0.0,12.0,0.0,2007,11
Kuala Lumpur,26.7,31.4,23.3,1009.2,79.7,150.36,10.0,4.9,14.0,16.0,0.0,12.0,0.0,2007,12
Kuala Lumpur,27.0,32.4,23.3,1009.9,78.5,374.62,9.9,4.7,14.9,21.0,0.0,25.0,0.0,2008,1
Kuala Lumpur,27.1,32.7,23.0,1010.3,73.6,162.05,9.8,4.5,14.5,12.0,0.0,11.0,0.0,2008,2
Kuala Lumpur,26.6,32.0,23.2,1009.2,81.0,544.84,8.6,5.0,15.9,26.0,0.0,26.0,0.0,2008,3
Kuala Lumpur,27.1,32.5,23.7,1008.4,80.7,325.89,8.9,4.9,16.1,26.0,0.0,25.0,0.0,2008,4
Kuala Lumpur,28.0,32.9,24.4,1009.1,74.2,88.4,9.7,5.7,16.5,9.0,0.0,14.0,0.0,2008,5
Kuala Lumpur,27.3,32.1,23.8,1009.6,77.4,201.15,9.7,5.3,16.1,21.0,0.0,18.0,0.0,2008,6
Kuala Lumpur,27.4,31.7,23.6,1009.4,74.8,108.71,10.5,6.5,16.9,16.0,0.0,9.0,0.0,2008,7
Kuala Lumpur,27.4,32.1,23.9,1009.4,75.4,194.33,9.5,6.4,18.0,12.0,0.0,14.0,0.0,2008,8
Kuala Lumpur,27.2,32.1,23.4,1010.2,75.9,174.51,10.4,6.7,18.2,17.0,0.0,16.0,0.0,2008,9
Kuala Lumpur,27.1,32.2,23.9,1010.0,79.1,414.24,10.5,6.3,16.9,21.0,0.0,20.0,0.0,2008,10
Kuala Lumpur,27.0,31.8,23.9,1008.9,81.5,464.85,9.6,5.7,17.1,25.0,0.0,20.0,0.0,2008,11
Kuala Lumpur,26.9,31.4,23.3,1009.6,78.9,203.72,10.2,5.3,13.5,21.0,0.0,13.0,0.0,2008,12
Kuala Lumpur,26.6,31.9,23.1,1011.0,76.9,275.85,9.6,4.5,14.2,20.0,0.0,14.0,0.0,2009,1
Kuala Lumpur,27.1,32.4,23.4,1009.5,77.9,261.37,9.2,4.9,16.3,14.0,0.0,17.0,0.0,2009,2
Kuala Lumpur,27.1,32.4,23.4,1009.8,79.5,307.85,10.0,5.5,16.0,24.0,0.0,22.0,0.0,2009,3
Kuala Lumpur,28.2,33.5,24.3,1009.2,76.6,265.43,10.2,6.2,17.8,17.0,0.0,19.0,0.0,2009,4
Kuala Lumpur,29.2,34.2,24.7,1008.2,72.2,51.31,9.8,6.7,17.7,13.0,0.0,11.0,0.0,2009,5
Kuala Lumpur,28.9,33.9,24.9,1009.4,72.1,141.74,8.6,5.3,16.0,15.0,0.0,17.0,0.0,2009,6
Kuala Lumpur,28.5,33.0,24.2,1009.7,70.6,109.73,8.8,6.0,16.2,12.0,0.0,11.0,0.0,2009,7
Kuala Lumpur,27.9,32.8,24.2,1009.5,75.1,183.13,8.9,5.9,17.1,18.0,0.0,14.0,0.0,2009,8
Kuala Lumpur,27.7,32.5,24.2,1010.1,76.1,189.99,9.5,5.3,16.2,15.0,0.0,15.0,0.0,2009,9
Kuala Lumpur,27.7,32.9,24.2,1010.4,76.3,240.8,9.2,5.6,16.9,21.0,0.0,19.0,0.0,2009,10
Kuala Lumpur,26.8,31.8,23.8,1009.5,81.9,342.38,8.3,4.9,15.6,24.0,0.0,18.0,0.0,2009,11
Kuala Lumpur,27.1,32.2,23.8,1010.5,81.9,359.15,8.3,3.6,14.6,23.0,0.0,18.0,0.0,2009,12
Kuala Lumpur,27.5,32.9,23.6,1011.2,79.5,209.56,8.8,4.0,14.5,23.0,0.0,23.0,0.0,2010,1
Kuala Lumpur,28.3,34.0,24.4,1010.5,78.5,320.29,8.7,4.4,16.4,15.0,0.0,19.0,0.0,2010,2
Kuala Lumpur,28.4,34.2,24.5,1010.4,78.4,248.92,9.2,4.9,16.4,19.0,0.0,23.0,0.0,2010,3
Kuala Lumpur,29.3,34.9,25.0,1009.8,80.6,397.27,9.1,4.9,16.2,19.0,0.0,24.0,0.0,2010,4
Kuala Lumpur,29.5,34.9,25.7,1008.0,82.4,417.81,8.7,4.5,16.1,21.0,0.0,20.0,0.0,2010,5
Kuala Lumpur,29.0,34.0,25.4,1009.5,80.4,189.97,9.5,5.5,16.0,17.0,0.0,16.0,0.0,2010,6
Kuala Lumpur,28.5,33.6,24.6,1009.5,80.2,227.58,9.7,5.4,16.8,18.0,0.0,13.0,0.0,2010,7
Kuala Lumpur,29.1,33.9,25.3,1009.3,78.2,179.57,9.5,6.1,16.9,15.0,0.0,12.0,0.0,2010,8
Kuala Lumpur,28.2,33.4,24.6,1009.4,82.6,308.11,9.0,5.0,16.2,27.0,0.0,19.0,0.0,2010,9
Kuala Lumpur,29.2,34.3,25.1,1008.6,77.4,157.49,9.5,5.9,17.3,14.0,0.0,10.0,0.0,2010,10
Kuala Lumpur,28.2,33.4,24.9,1008.5,80.6,248.66,9.2,5.7,17.2,21.0,0.0,12.0,0.0,2010,11
Kuala Lumpur,27.6,32.1,24.2,1008.1,83.2,243.84,9.2,6.1,16.4,16.0,0.0,10.0,0.0,2010,12
Kuala Lumpur,27.4,31.8,24.2,1009.3,82.5,180.34,8.6,5.1,14.2,14.0,0.0,10.0,0.0,2011,1
Kuala Lumpur,28.4,34.1,24.5,1009.2,80.0,92.21,8.4,5.2,16.9,13.0,0.0,20.0,0.0,2011,2
Kuala Lumpur,28.1,33.5,24.3,1008.9,81.3,302.76,9.2,6.0,16.3,23.0,0.0,18.0,0.0,2011,3
Kuala Lumpur,28.5,33.9,25.0,1009.3,81.9,296.42,8.6,5.7,16.8,23.0,0.0,24.0,0.0,2011,4
Kuala Lumpur,29.1,34.4,25.3,1009.1,79.8,202.19,9.3,6.1,16.6,15.0,0.0,18.0,0.0,2011,5
Kuala Lumpur,29.3,33.7,25.2,1008.8,80.0,120.39,9.0,6.6,16.1,13.0,0.0,9.0,0.0,2011,6
Kuala Lumpur,29.0,33.4,25.0,1008.9,79.7,115.82,8.4,6.5,17.9,13.0,0.0,11.0,0.0,2011,7
Kuala Lumpur,28.5,33.4,24.6,1009.6,79.7,237.24,8.8,6.4,16.8,18.0,0.0,16.0,0.0,2011,8
Kuala Lumpur,28.5,33.4,24.7,1010.1,78.3,200.4,7.6,6.2,15.7,17.0,0.0,15.0,0.0,2011,9
Kuala Lumpur,28.0,33.4,24.9,1009.3,82.7,302.76,8.9,5.2,16.6,20.0,0.0,23.0,0.0,2011,10
Kuala Lumpur,27.8,32.9,24.8,1009.0,86.2,346.68,9.0,5.7,16.7,25.0,0.0,21.0,0.0,2011,11
Kuala Lumpur,27.8,32.4,24.6,1009.3,83.5,220.73,9.1,5.0,14.2,18.0,0.0,17.0,2.0,2011,12
Kuala Lumpur,26.8,32.0,23.8,1008.8,87.4,545.88,8.9,4.3,15.0,23.0,0.0,25.0,0.0,2012,1
Kuala Lumpur,28.2,34.0,24.5,1008.7,81.7,366.01,9.4,5.5,14.8,21.0,0.0,20.0,0.0,2012,2
Kuala Lumpur,28.4,33.4,24.7,1009.4,82.8,220.21,9.6,6.3,16.9,17.0,0.0,13.0,0.0,2012,3
Kuala Lumpur,28.9,34.1,25.1,1009.6,83.6,200.68,9.7,6.4,17.2,21.0,0.0,18.0,0.0,2012,4
Kuala Lumpur,29.2,34.1,24.9,1008.7,79.8,170.68,10.2,6.5,16.3,13.0,0.0,18.0,0.0,2012,5
Kuala Lumpur,29.5,34.4,24.9,1009.1,75.3,105.16,8.6,6.7,16.7,5.0,0.0,6.0,0.0,2012,6
Kuala Lumpur,28.4,33.0,24.6,1009.3,78.5,115.82,9.6,6.7,16.9,12.0,0.0,12.0,0.0,2012,7
Kuala Lumpur,28.5,33.3,24.5,1010.2,79.7,241.05,8.2,6.6,17.2,12.0,0.0,14.0,1.0,2012,8
Kuala Lumpur,28.4,33.0,24.6,1010.6,79.0,131.8,8.7,5.9,15.0,17.0,0.0,12.0,0.0,2012,9
Kuala Lumpur,27.8,33.0,24.5,1010.2,83.4,333.48,8.9,5.9,16.6,19.0,0.0,21.0,0.0,2012,10
Kuala Lumpur,27.5,32.6,24.3,1009.5,86.3,452.12,9.3,4.9,15.2,23.0,0.0,24.0,0.0,2012,11
Kuala Lumpur,26.8,32.0,23.8,1008.8,87.4,545.88,8.9,4.3,15.0,23.0,0.0,25.0,0.0,2012,12
Kuala Lumpur,27.7,32.9,24.1,1010.5,79.9,236.73,9.5,5.0,14.5,14.0,0.0,16.0,0.0,2013,1
Kuala Lumpur,27.1,32.0,23.7,1009.3,84.3,330.2,9.7,4.7,14.6,19.0,0.0,13.0,0.0,2013,2
Kuala Lumpur,28.5,34.0,24.7,1009.7,83.1,202.93,9.0,5.3,17.9,18.0,0.0,23.0,0.0,2013,3
Kuala Lumpur,28.4,33.6,24.9,1008.5,84.3,274.07,9.6,6.3,17.3,19.0,0.0,19.0,0.0,2013,4
Kuala Lumpur,28.9,34.1,24.8,1008.5,79.6,246.63,10.9,6.5,16.3,19.0,0.0,17.0,0.0,2013,5
Kuala Lumpur,29.3,34.7,25.1,1007.5,74.6,63.24,9.7,7.0,18.5,7.0,0.0,5.0,0.0,2013,6
Kuala Lumpur,27.9,32.7,23.9,1008.5,78.8,163.32,9.5,5.8,17.4,11.0,0.0,9.0,0.0,2013,7
Kuala Lumpur,28.3,32.6,24.3,1009.2,77.0,85.6,9.2,6.8,17.1,12.0,0.0,15.0,0.0,2013,8
Kuala Lumpur,27.6,32.1,23.8,1009.5,79.8,351.53,9.3,6.6,17.2,17.0,0.0,11.0,0.0,2013,9
Kuala Lumpur,27.6,32.4,23.9,1010.5,80.1,133.34,9.7,6.8,17.7,21.0,0.0,17.0,0.0,2013,10
Kuala Lumpur,27.1,31.9,24.0,1008.7,84.6,460.76,9.2,5.2,16.0,25.0,0.0,22.0,0.0,2013,11
Kuala Lumpur,27.0,31.5,24.1,1009.3,84.9,317.75,8.7,5.1,14.3,23.0,0.0,17.0,0.0,2013,12
Kuala Lumpur,26.6,31.5,22.8,1011.2,76.4,146.31,8.7,4.8,13.1,13.0,0.0,10.0,0.0,2014,1
Kuala Lumpur,28.6,34.1,23.8,1009.6,67.7,7.86,8.8,6.7,17.3,4.0,0.0,5.0,0.0,2014,2
Kuala Lumpur,28.6,34.4,24.3,1010.3,73.4,191.25,6.7,5.6,16.7,14.0,0.0,12.0,0.0,2014,3
Kuala Lumpur,27.8,32.9,24.3,1010.2,81.0,276.59,8.3,5.7,17.6,24.0,0.0,24.0,0.0,2014,4
Kuala Lumpur,28.0,33.1,24.8,1009.5,81.7,377.7,8.5,5.2,16.5,25.0,0.0,22.0,0.0,2014,5
Kuala Lumpur,29.7,34.3,23.6,1008.4,71.8,22.85,8.8,6.6,16.7,4.0,0.0,7.0,0.0,2014,6
Kuala Lumpur,29.1,33.7,23.3,1009.6,71.5,118.35,7.8,6.4,16.7,7.0,0.0,10.0,0.0,2014,7
Kuala Lumpur,28.0,32.5,24.4,1010.5,75.9,195.32,9.2,6.6,17.6,16.0,0.0,12.0,0.0,2014,8
Kuala Lumpur,27.9,32.8,24.2,1010.7,77.2,204.2,7.6,6.1,17.9,18.0,0.0,15.0,0.0,2014,9
Kuala Lumpur,27.7,32.7,24.2,1010.5,79.4,286.0,6.4,5.9,15.9,23.0,0.0,22.0,0.0,2014,10
Kuala Lumpur,27.3,32.3,24.3,1010.1,82.7,392.69,8.1,5.2,15.5,25.0,0.0,22.0,0.0,2014,11
Kuala Lumpur,27.0,31.1,24.4,1010.3,85.0,350.26,8.1,4.6,13.1,25.0,0.0,19.0,0.0,2014,12
Kuala Lumpur,27.5,32.6,23.9,1011.8,76.7,180.34,8.7,4.6,14.3,16.0,0.0,10.0,0.0,2015,1
Kuala Lumpur,28.4,33.5,23.9,1011.4,71.1,163.82,9.0,5.4,15.4,8.0,1.0,8.0,0.0,2015,2
Kuala Lumpur,28.4,33.8,24.5,1012.1,77.6,205.98,8.1,5.5,17.2,18.0,0.0,21.0,0.0,2015,3
Kuala Lumpur,28.8,34.3,25.4,1010.5,74.1,164.33,8.5,5.6,17.6,25.0,0.0,25.0,0.0,2015,4
Kuala Lumpur,29.0,33.9,25.3,1010.3,78.0,158.23,8.8,5.7,18.2,16.0,0.0,22.0,0.0,2015,5
Kuala Lumpur,28.8,33.2,25.3,1009.9,78.0,183.88,8.7,6.0,17.0,16.0,0.0,16.0,0.0,2015,6
Kuala Lumpur,28.9,33.7,24.6,1010.2,77.8,87.64,8.8,6.4,16.1,19.0,0.0,16.0,0.0,2015,7
Kuala Lumpur,28.4,33.2,24.5,1010.5,80.0,326.64,7.6,6.8,18.1,15.0,0.0,16.0,0.0,2015,8
Kuala Lumpur,28.1,32.9,24.4,1011.0,79.4,190.74,3.7,5.9,15.7,16.0,0.0,17.0,0.0,2015,9
Kuala Lumpur,27.8,32.9,24.4,1011.5,81.5,323.87,2.8,5.1,15.3,19.0,0.0,20.0,0.0,2015,10
Kuala Lumpur,27.0,32.8,24.0,1010.3,86.2,543.56,8.4,4.7,16.0,24.0,0.0,27.0,0.0,2015,11
Kuala Lumpur,27.3,32.5,23.9,1011.7,80.7,425.98,8.7,4.9,14.9,20.0,0.0,21.0,0.0,2015,12
Kuala Lumpur,28.2,33.9,24.6,1011.5,77.3,239.54,8.7,5.0,15.8,19.0,0.0,17.0,0.0,2016,1
Kuala Lumpur,28.4,33.8,24.3,1011.6,72.9,75.45,9.2,5.3,15.4,15.0,0.0,12.0,0.0,2016,2
Kuala Lumpur,29.3,34.7,25.3,1011.2,73.3,115.04,8.3,5.2,16.3,15.0,0.0,17.0,0.0,2016,3
Kuala Lumpur,29.7,35.2,25.8,1009.8,75.7,259.1,7.1,5.7,17.5,15.0,0.0,16.0,0.0,2016,4
Kuala Lumpur,28.8,34.2,24.8,1009.4,80.1,369.84,8.6,5.4,16.1,25.0,0.0,22.0,0.0,2016,5
Kuala Lumpur,28.9,33.6,25.0,1010.2,75.9,183.65,9.6,5.9,15.5,10.0,0.0,14.0,0.0,2016,6
Kuala Lumpur,28.4,33.6,24.4,1009.6,77.6,232.91,9.1,5.8,17.3,15.0,0.0,17.0,0.0,2016,7
Kuala Lumpur,29.3,33.8,25.2,1009.2,71.6,117.61,8.8,6.3,16.0,11.0,0.0,9.0,0.0,2016,8
Kuala Lumpur,28.5,33.4,23.8,1010.0,74.0,249.43,9.6,7.1,16.0,15.0,0.0,12.0,0.0,2016,9
Kuala Lumpur,28.5,33.2,24.5,1009.6,75.0,166.62,9.8,7.7,17.3,20.0,0.0,13.0,0.0,2016,10
Kuala Lumpur,27.5,32.1,24.4,1009.8,81.9,369.32,9.0,5.4,16.0,22.0,0.0,19.0,0.0,2016,11
Kuala Lumpur,27.5,32.1,24.0,1009.7,82.5,256.51,8.8,6.1,17.9,20.0,0.0,10.0,0.0,2016,12
Kuala Lumpur,27.4,32.1,24.0,1010.1,80.4,244.85,8.9,5.9,15.6,17.0,0.0,16.0,0.0,2017,1
Kuala Lumpur,28.1,33.1,24.4,1011.1,76.7,106.18,9.5,6.4,15.9,15.0,0.0,7.0,0.0,2017,2
Kuala Lumpur,27.9,33.3,24.6,1010.3,79.7,220.98,8.8,5.6,17.3,21.0,0.0,22.0,0.0,2017,3
Kuala Lumpur,27.9,33.1,24.6,1010.3,80.2,301.5,9.1,5.7,15.8,21.0,0.0,22.0,0.0,2017,4
Kuala Lumpur,28.3,32.7,24.8,1009.6,78.1,245.1,9.3,5.5,15.5,21.0,0.0,17.0,0.0,2017,5
Kuala Lumpur,28.5,32.9,24.5,1010.2,73.8,204.47,9.5,5.4,15.9,16.0,0.0,13.0,0.0,2017,6
Kuala Lumpur,28.4,32.5,24.6,1010.4,72.8,153.92,9.6,6.2,17.8,11.0,0.0,8.0,0.0,2017,7
Kuala Lumpur,27.9,31.9,24.3,1010.0,75.7,287.02,9.6,6.3,16.8,16.0,0.0,15.0,0.0,2017,8
Kuala Lumpur,27.5,32.0,24.3,1010.7,78.5,261.88,9.3,5.4,16.5,21.0,0.0,14.0,0.0,2017,9
Kuala Lumpur,28.1,32.5,24.3,1010.1,76.1,179.32,9.7,5.9,15.8,15.0,0.0,15.0,0.0,2017,10
Kuala Lumpur,27.0,31.2,24.1,1008.7,82.9,334.76,9.0,5.5,15.8,25.0,0.0,17.0,0.0,2017,11
Kuala Lumpur,27.9,32.4,24.4,1009.9,79.0,81.04,9.5,5.2,15.1,16.0,0.0,10.0,0.0,2017,12
Kuala Lumpur,26.5,30.8,23.5,1009.4,81.7,441.46,9.0,4.5,14.0,21.0,0.0,16.0,0.0,2018,1
Kuala Lumpur,28.0,33.4,23.8,1010.8,71.6,131.82,9.4,5.0,15.8,13.0,0.0,10.0,0.0,2018,2
Kuala Lumpur,27.9,33.2,24.1,1009.7,76.0,343.92,8.7,4.6,15.5,22.0,0.0,20.0,0.0,2018,3
Kuala Lumpur,28.4,33.7,24.7,1009.1,76.3,189.47,9.1,5.0,16.3,18.0,0.0,20.0,0.0,2018,4
Kuala Lumpur,27.7,32.7,24.3,1009.4,80.2,558.8,8.4,5.1,17.3,23.0,0.0,26.0,0.0,2018,5
Kuala Lumpur,28.4,32.7,24.4,1009.9,76.5,199.13,9.6,6.1,17.4,12.0,0.0,10.0,0.0,2018,6
Kuala Lumpur,28.3,32.4,24.6,1009.4,75.9,116.32,9.5,6.5,16.7,10.0,0.0,10.0,0.0,2018,7
Kuala Lumpur,28.8,33.2,24.5,1009.6,70.7,102.86,9.7,6.7,16.5,8.0,0.0,8.0,0.0,2018,8
Kuala Lumpur,27.0,31.8,23.3,1010.5,80.0,334.52,8.8,4.9,15.6,19.0,0.0,15.0,0.0,2018,9
Kuala Lumpur,27.0,31.9,23.8,1011.0,81.7,461.51,8.7,5.7,16.2,26.0,0.0,23.0,0.0,2018,10
Kuala Lumpur,27.6,32.2,24.1,1010.2,82.6,396.98,8.7,4.7,15.3,21.0,0.0,19.0,0.0,2018,11
Kuala Lumpur,27.6,32.5,24.3,1010.5,84.2,218.72,8.8,5.6,17.0,21.0,0.0,23.0,0.0,2018,12
Kuala Lumpur,28.3,33.7,24.2,1011.2,78.3,245.37,9.3,5.5,15.4,18.0,0.0,15.0,0.0,2019,1
Kuala Lumpur,28.7,34.1,24.5,1011.6,77.0,181.87,9.3,4.9,16.2,12.0,0.0,15.0,0.0,2019,2
Kuala Lumpur,29.1,35.2,24.8,1010.8,75.8,169.41,8.7,5.7,18.7,14.0,0.0,17.0,0.0,2019,3
Kuala Lumpur,28.8,34.5,25.0,1009.6,79.8,352.31,8.8,5.4,17.6,19.0,0.0,21.0,0.0,2019,4
Kuala Lumpur,29.0,34.4,25.4,1009.8,79.0,172.21,9.1,6.7,18.9,17.0,0.0,17.0,0.0,2019,5
Kuala Lumpur,28.5,33.0,24.6,1009.6,80.2,231.91,9.3,6.0,16.3,17.0,0.0,16.0,0.0,2019,6
Kuala Lumpur,28.5,33.2,24.8,1010.1,77.5,153.18,9.1,6.3,17.5,9.0,0.0,14.0,0.0,2019,7
Kuala Lumpur,28.5,33.2,24.4,1010.1,77.8,139.95,8.3,6.4,18.0,16.0,0.0,9.0,0.0,2019,8
Kuala Lumpur,28.6,33.6,24.7,1011.0,77.9,135.89,5.7,6.0,16.6,11.0,0.0,10.0,0.0,2019,9
Kuala Lumpur,27.1,32.7,23.9,1010.2,84.6,643.36,7.6,5.0,18.4,28.0,0.0,29.0,0.0,2019,10
Kuala Lumpur,27.5,32.6,24.2,1010.3,83.1,332.24,8.6,4.9,14.9,19.0,0.0,24.0,0.0,2019,11
Kuala Lumpur,27.4,32.4,24.2,1010.8,83.1,343.15,8.8,4.3,13.9,20.0,0.0,21.0,0.0,2019,12
Kuala Lumpur,28.5,33.3,24.8,1010.9,80.1,191.0,9.2,5.2,14.8,17.0,0.0,15.0,0.0,2020,1
Kuala Lumpur,28.8,33.6,24.8,1011.5,73.6,160.77,9.4,5.4,15.3,13.0,0.0,7.0,0.0,2020,2
Kuala Lumpur,29.0,34.5,25.3,1010.3,78.7,322.34,9.2,4.9,17.5,19.0,0.0,20.0,0.0,2020,3
Kuala Lumpur,28.6,34.4,25.1,1010.3,83.0,427.99,9.6,4.5,18.5,21.0,0.0,25.0,0.0,2020,4
Kuala Lumpur,29.3,34.1,25.9,1009.1,80.8,176.51,9.8,5.9,17.1,17.0,0.0,18.0,0.0,2020,5
Kuala Lumpur,28.5,32.4,24.8,1009.5,78.5,219.7,9.9,6.3,17.3,15.0,0.0,10.0,0.0,2020,6
Kuala Lumpur,27.7,32.3,24.1,1009.1,80.8,439.16,9.7,5.9,16.4,23.0,0.0,21.0,0.0,2020,7
Kuala Lumpur,29.0,33.6,25.2,1009.1,74.3,44.95,10.1,6.8,16.3,10.0,0.0,10.0,0.0,2020,8
Kuala Lumpur,27.8,32.7,24.2,1009.8,79.5,340.12,9.8,6.4,17.0,21.0,0.0,19.0,0.0,2020,9
Kuala Lumpur,28.4,32.9,24.7,1009.2,76.7,192.78,10.0,6.3,17.1,15.0,0.0,11.0,0.0,2020,10
Kuala Lumpur,27.5,32.4,24.3,1010.0,82.0,352.55,9.5,5.3,15.6,21.0,0.0,23.0,0.0,2020,11
Kuala Lumpur,27.2,31.9,24.0,1009.8,80.4,302.51,9.5,4.7,14.5,22.0,0.0,16.0,0.0,2020,12
Kuala Lumpur,27.1,31.6,23.8,1010.0,76.1,242.07,9.5,4.6,13.6,17.0,0.0,10.0,0.0,2021,1
Kuala Lumpur,28.7,34.1,24.1,1010.4,68.0,70.35,10.1,6.4,17.4,7.0,0.0,5.0,0.0,2021,2
Kuala Lumpur,28.0,33.4,24.4,1009.7,76.3,421.89,9.5,5.1,16.6,22.0,0.0,23.0,0.0,2021,3
Kuala Lumpur,28.0,33.4,24.3,1010.3,78.1,394.95,9.5,5.7,16.6,19.0,0.0,23.0,0.0,2021,4
Kuala Lumpur,28.2,33.2,25.0,1008.9,79.7,415.8,9.4,5.1,16.1,17.0,0.0,26.0,0.0,2021,5
Kuala Lumpur,28.1,33.0,24.5,1010.3,76.2,135.13,10.0,5.3,16.6,15.0,0.0,19.0,0.0,2021,6
Kuala Lumpur,28.3,32.6,24.5,1009.6,73.2,130.06,10.1,5.8,16.2,12.0,0.0,10.0,0.0,2021,7
Kuala Lumpur,27.7,32.2,23.9,1010.5,76.9,220.72,10.0,5.7,16.7,17.0,0.0,19.0,0.0,2021,8
Kuala Lumpur,28.0,32.5,23.9,1010.0,75.1,315.73,10.1,6.0,16.7,9.0,0.0,10.0,0.0,2021,9
Kuala Lumpur,28.8,33.5,25.0,1009.8,72.2,158.25,10.1,7.2,17.3,14.0,0.0,9.0,0.0,2021,10
Kuala Lumpur,27.7,32.6,24.2,1009.0,78.9,342.65,9.9,6.1,15.8,21.0,0.0,18.0,0.0,2021,11
Kuala Lumpur,27.6,32.2,24.1,1010.8,79.1,384.31,9.4,5.1,16.0,19.0,0.0,16.0,0.0,2021,12
Kuala Lumpur,27.7,33.4,24.0,1010.8,76.2,236.73,9.7,4.6,15.5,18.0,0.0,16.0,0.0,2022,1
Kuala Lumpur,27.6,32.9,23.9,1009.6,77.4,166.12,9.9,5.4,16.5,22.0,0.0,19.0,0.0,2022,2
Kuala Lumpur,28.3,33.5,24.5,1009.1,77.5,386.84,9.7,5.9,17.9,24.0,0.0,20.0,0.0,2022,3
Kuala Lumpur,28.4,33.6,24.8,1009.2,77.3,170.7,9.9,5.9,17.3,19.0,0.0,22.0,0.0,2022,4
Kuala Lumpur,29.1,33.9,25.0,1008.7,74.6,87.38,9.9,6.4,17.5,14.0,0.0,11.0,0.0,2022,5
Kuala Lumpur,28.0,32.8,24.0,1009.4,77.0,272.04,9.9,6.2,18.2,20.0,0.0,16.0,0.0,2022,6
Kuala Lumpur,28.9,33.6,25.1,1008.4,74.4,104.15,10.0,5.7,16.7,14.0,0.0,14.0,0.0,2022,7
Kuala Lumpur,27.9,32.9,24.2,1009.2,77.4,230.12,9.8,6.1,17.5,19.0,0.0,18.0,0.0,2022,8
Kuala Lumpur,27.8,32.3,24.2,1010.2,77.0,160.29,9.9,5.6,16.4,21.0,0.0,13.0,0.0,2022,9
Kuala Lumpur,27.6,32.2,24.2,1010.1,79.1,180.87,9.8,6.3,17.9,23.0,0.0,19.0,0.0,2022,10
Kuala Lumpur,27.3,31.9,24.0,1009.7,82.7,379.73,9.3,5.3,15.8,23.0,0.0,23.0,0.0,2022,11
Kuala Lumpur,27.3,31.9,24.0,1009.7,82.7,379.73,9.3,5.3,15.8,23.0,0.0,23.0,0.0,2022,12
Kuala Lumpur,27.1,31.6,23.7,1010.6,78.1,203.45,9.8,5.0,15.2,17.0,0.0,14.0,0.0,2023,1
Kuala Lumpur,27.3,32.3,23.8,1010.5,77.5,120.64,9.8,4.7,15.2,23.0,0.0,15.0,0.0,2023,2
Kuala Lumpur,27.7,32.8,24.0,1010.5,77.2,324.61,9.6,4.6,16.1,21.0,0.0,19.0,0.0,2023,3
Kuala Lumpur,28.4,33.9,25.0,1009.3,79.0,234.19,9.3,5.6,18.4,18.0,0.0,21.0,0.0,2023,4
Kuala Lumpur,29.3,34.3,25.2,1009.9,76.4,272.56,9.9,6.1,19.2,19.0,0.0,19.0,0.0,2023,5
Kuala Lumpur,29.0,33.7,24.9,1009.7,76.1,140.21,9.7,6.1,16.7,13.0,0.0,13.0,0.0,2023,6
Kuala Lumpur,28.4,32.6,24.6,1010.3,76.7,224.54,9.9,5.7,18.1,17.0,0.0,13.0,0.0,2023,7
Kuala Lumpur,28.1,32.5,24.7,1011.0,79.0,248.15,9.5,5.6,17.9,20.0,0.0,18.0,0.0,2023,8
Kuala Lumpur,28.5,32.9,24.8,1010.3,75.0,87.89,9.4,6.9,19.5,17.0,0.0,12.0,0.0,2023,9
Kuala Lumpur,27.9,33.2,24.1,1011.5,79.9,421.61,8.5,5.8,20.1,26.0,0.0,28.0,0.0,2023,10
Kuala Lumpur,27.9,32.9,24.7,1010.4,81.8,346.71,9.4,5.3,16.6,27.0,0.0,29.0,0.0,2023,11
Kuala Lumpur,27.5,32.6,24.8,1010.8,84.0,448.3,9.3,4.6,16.1,29.0,0.0,26.0,0.0,2023,12
